2023_03_11_17_22_IMG_4500.JPG,newsitup_down,2524.846,773.50946,1704.4877,2552.219,740.1756,1825.3721,2568.0176,742.0322,1824.6978,2584.7778,743.08777,1824.7554,2502.3132,737.2046,1879.0154,2485.5237,733.9299,1878.6174,2467.9766,731.1845,1877.8969,2588.0955,772.2292,2209.2266,2440.8838,754.5397,2496.1042,2538.2705,828.6105,1808.2885,2476.5269,819.805,1886.1644,2677.8503,989.8502,2007.6271,2227.1843,940.63214,2411.7449,3010.6074,1019.1486,1027.9395,2092.525,880.0606,2372.598,2725.5496,899.9592,488.17047,2226.104,802.48254,2422.0303,2679.786,868.77014,365.14145,2262.0342,787.66986,2402.7554,2645.3755,893.3142,466.91397,2268.2336,801.1514,2450.121,2648.7278,917.05176,477.17767,2265.4885,821.703,2440.158,2251.4016,1456.6055,-267.8688,1986.6592,1402.2073,271.49814,1955.6803,1573.1335,-1715.8223,1560.533,1520.8707,-925.2591,1704.93,2240.737,-2576.9568,1438.2773,2286.771,-1628.3297,1706.872,2358.782,-2667.7383,1506.6926,2420.7952,-1707.2078,1457.8347,2410.1682,-3205.799,1220.6969,2520.0615,-2150.1274
2023_03_11_17_22_IMG_4501.JPG,newsitup_down,2989.6125,1048.4554,2471.06,3053.138,1057.4155,2594.3765,3063.6646,1075.8339,2594.6665,3075.7322,1093.403,2594.609,3019.8022,1012.5389,2693.0522,3010.273,996.373,2693.3896,2999.4836,980.39075,2692.527,3064.1987,1153.3474,3059.6567,2976.286,999.932,3532.4355,2952.6277,1125.438,2612.4429,2914.5518,1066.8104,2744.369,2973.57,1403.1124,2746.8909,2586.184,1110.1833,3645.37,3382.8499,1580.3141,2106.1895,2507.2375,945.17737,3780.4917,3159.3127,1304.3444,2503.278,2756.8572,1005.09406,4509.5415,3149.1892,1233.9966,2441.747,2848.168,1010.2377,4439.884,3105.2524,1259.8429,2597.428,2839.1123,1022.386,4522.6035,3082.5461,1286.115,2546.7837,2817.708,1039.053,4543.145,2279.5596,1779.5531,-523.32935,1987.9036,1562.5748,525.29663,1661.2983,1658.7161,-2054.021,1197.3007,1353.3002,-874.104,1288.279,2319.9626,-2841.883,1077.2416,2145.732,-1470.3186,1297.598,2458.7747,-2927.2307,1143.0884,2295.928,-1555.7936,910.28217,2429.207,-3616.0972,818.9071,2369.6035,-2117.3708
2023_03_11_17_22_IMG_4502.JPG,newsitup_down,3299.5256,1365.2296,100.94076,3367.6729,1409.8224,188.11125,3373.2734,1435.2676,188.01062,3379.534,1460.651,186.89734,3352.0002,1346.4893,310.58136,3348.42,1325.9362,310.7185,3343.7378,1305.4109,309.34586,3352.8176,1533.9182,695.97095,3317.7505,1327.0795,1241.6744,3245.5713,1443.5588,271.09607,3225.3984,1357.6329,429.39343,3099.8413,1747.1951,696.3873,2912.0752,1340.3966,1785.9558,3553.5046,2073.0427,680.7678,3000.373,1209.9103,2579.0918,3397.352,1679.8058,2138.9517,3157.8318,1335.8046,3712.562,3397.8325,1577.8762,2223.0295,3224.6443,1375.9834,3759.6995,3323.1338,1602.8215,2402.6555,3183.898,1382.4347,3807.7473,3301.2346,1639.9155,2218.785,3157.0046,1379.8014,3732.7974,2069.789,1935.6865,-587.9662,1977.4467,1652.089,589.0681,1317.668,1586.6062,-1153.2842,1213.2797,1288.8859,-202.99884,823.32324,2142.6895,-518.2506,870.5749,2007.2343,393.1529,837.70264,2290.249,-450.64563,898.8589,2160.9373,431.86508,469.77686,2132.3584,-838.8574,561.69586,2079.2,78.17088
2023_03_11_17_22_IMG_4503.JPG,newsitup_down,3358.057,1613.0228,-1344.4783,3419.9614,1674.2244,-1294.043,3418.6584,1704.0228,-1294.0074,3417.6438,1734.1458,-1295.4268,3423.4429,1604.5033,-1168.0166,3426.0483,1581.1102,-1167.4531,3427.1973,1557.8154,-1168.19,3371.1355,1806.325,-844.6811,3393.5188,1579.723,-269.85236,3283.4688,1687.4042,-1180.0369,3287.6814,1588.2367,-1011.32996,3030.7402,1993.2489,-645.2312,2975.3032,1512.9418,400.36853,3497.4583,2407.997,-356.7977,3155.7766,1497.9634,1220.4408,3413.2986,1950.3867,1093.4336,3286.1338,1714.0161,2395.065,3419.6086,1821.1538,1208.4084,3322.913,1796.087,2509.8872,3332.9634,1835.3066,1391.0979,3290.196,1772.2327,2594.9731,3311.9424,1877.6708,1189.7145,3274.657,1750.7736,2434.2515,1949.8337,1951.4603,-585.0682,1957.0863,1643.236,586.4217,1041.7721,1611.1891,-1040.2909,1139.0043,1283.073,255.06212,710.54785,2032.7961,457.96805,742.15,1852.0656,1543.0062,765.3501,2137.2378,633.07513,765.9919,1960.5709,1670.0408,387.05487,2035.0344,502.29068,441.68588,1909.5667,1526.456
2023_03_11_17_22_IMG_4504.JPG,newsitup_down,3209.803,1830.4205,-2014.1522,3257.8694,1916.3225,-1961.7628,3246.0503,1947.1863,-1961.403,3234.03,1978.22,-1962.7915,3289.3594,1841.5946,-1874.8218,3302.4138,1816.1863,-1874.6766,3313.8474,1790.2349,-1875.591,3173.5713,2032.0182,-1438.1257,3285.2637,1785.6547,-1046.0474,3121.1282,1878.489,-1805.6361,3164.0544,1773.346,-1688.4346,2813.7979,2099.8574,-1025.9719,3009.4424,1589.3804,-257.69034,3022.4927,2603.2805,-290.10388,3415.1875,1522.772,469.67966,3170.6465,2221.1592,1314.8625,3329.684,1821.081,1570.27,3223.7888,2114.7615,1434.6716,3312.3389,1915.0793,1722.067,3174.3801,2108.8616,1607.5007,3249.645,1871.5339,1818.6663,3141.1565,2147.2761,1412.3511,3244.6616,1835.1475,1610.0404,1899.944,1676.0558,-373.50076,2036.5786,1385.2094,376.32733,1340.2836,1155.7834,-582.41974,1461.9458,1011.61414,285.87375,1145.2175,1399.353,1456.275,1254.7126,1175.8987,2438.181,1176.3857,1470.6937,1687.7483,1246.8414,1230.8917,2665.0815,896.3928,1313.0265,1638.4183,1069.7286,1076.4763,2723.7236
2023_03_11_17_22_IMG_4510.JPG,newsitup_down,1309.3339,1795.2578,-930.31256,1216.0496,1805.3372,-854.7324,1205.3961,1779.8771,-852.09625,1194.3616,1753.205,-853.9147,1241.6244,1877.5316,-932.0971,1250.0583,1910.4644,-933.5786,1259.2537,1942.7557,-935.04407,1211.8494,1758.0304,-229.50621,1299.2133,2009.9598,-586.53143,1362.4811,1752.7681,-691.03406,1397.4054,1851.9146,-784.9862,1462.9965,1664.3064,393.74225,1658.1787,2118.2297,-320.15878,1036.6816,1628.4106,949.6519,1430.5358,2705.3508,-350.2657,1187.5653,1950.8783,1565.2687,1311.1592,2243.1946,448.69888,1231.8127,2046.7631,1548.3514,1258.7928,2153.0408,506.80646,1265.2347,2026.2915,1672.6207,1322.891,2112.3726,676.74304,1263.4686,1996.1501,1608.3744,1365.6158,2131.3362,532.6134,2385.3418,1402.1614,381.91345,2526.6726,1671.4117,-381.1557,2851.2354,911.28845,96.58803,3224.6758,1040.4937,-918.15125,3021.4187,1284.7134,1251.2124,3106.1433,1425.7579,730.8891,3015.567,1370.243,1397.7625,3053.6836,1532.3027,932.92474,3187.1943,1265.1456,1580.6025,3241.0261,1333.276,1308.3723
2023_03_11_17_22_IMG_4511.JPG,newsitup_down,1155.8047,1625.3147,-922.08905,1092.3778,1614.9886,-801.48834,1095.3888,1593.2479,-801.0063,1098.4137,1570.4014,-800.9679,1084.6309,1680.9292,-895.67896,1080.359,1711.9838,-895.60846,1076.9319,1742.7028,-896.4489,1139.6503,1600.6921,-206.74231,1114.4989,1824.0396,-588.14233,1234.9714,1613.6393,-711.27966,1225.0586,1709.9773,-819.5762,1469.5817,1589.8274,70.97667,1445.7583,2037.8086,-558.0911,1201.1188,1421.0854,77.3036,919.8202,2442.5796,-1053.1798,1180.3138,1656.5355,38.526585,1017.5649,2064.805,-674.5825,1160.8641,1735.0612,-37.880733,1011.9844,2015.8566,-643.4435,1195.9445,1724.9333,54.96994,1113.0355,1982.0901,-465.39545,1213.7562,1705.8496,53.966404,1134.2245,2005.293,-608.88354,2485.3254,1588.8319,350.40982,2543.771,1879.6165,-348.9675,3192.32,1219.232,-36.718338,3434.8145,1453.7542,-813.0863,3422.0276,1623.317,897.11804,3517.805,1771.3348,625.56274,3388.414,1717.1687,998.0118,3461.5518,1853.4319,780.14124,3685.153,1642.1433,1050.1449,3779.881,1726.0338,956.08453
2023_03_11_17_22_IMG_4512.JPG,newsitup_down,896.41437,1394.1099,-1223.3119,837.6819,1390.4167,-1057.2858,842.22375,1369.6417,-1056.853,846.6287,1348.04,-1056.3754,827.9448,1457.8633,-1191.111,823.77106,1489.561,-1191.0184,820.5144,1521.0737,-1192.4037,890.1373,1392.3088,-290.38055,858.7319,1617.2085,-866.2186,975.77155,1389.8767,-949.249,963.0486,1484.5193,-1112.11,1228.4565,1388.4221,126.374596,1185.0092,1855.7273,-872.76483,945.42896,1089.1724,346.79242,654.56696,2173.2952,-1364.5134,953.94806,1394.6493,629.97156,823.7377,1757.3121,-649.2927,926.19196,1489.1001,558.74695,813.495,1689.1973,-627.51575,975.6301,1496.3619,685.12,925.48926,1686.6141,-451.54297,999.6952,1471.375,656.1304,947.6,1716.4781,-583.86005,2263.2363,1475.5482,511.73013,2294.5574,1790.8047,-511.3998,3008.7576,1109.5249,-27.230988,3195.1968,1369.8998,-1248.51,3328.935,1583.0428,1036.0732,3422.9644,1729.01,255.29204,3287.5352,1679.841,1145.6552,3387.7053,1814.8629,407.93225,3669.7124,1650.7947,1092.7524,3729.9844,1736.4193,410.8066
2023_03_11_17_22_IMG_4513.JPG,newsitup_down,1257.6155,1177.0392,542.4577,1215.5154,1167.174,667.00085,1227.1931,1157.1555,667.1714,1238.771,1145.9979,667.1397,1182.128,1203.9371,539.2558,1168.3647,1222.774,539.1439,1155.1818,1242.3597,537.17725,1260.8971,1196.6714,1259.0708,1153.6776,1327.971,702.5838,1330.3228,1204.9406,742.7205,1287.0259,1259.4135,583.8988,1578.1222,1264.2163,1506.0345,1284.589,1583.0297,587.8593,1502.0393,987.9771,1889.1703,808.2783,1738.4966,353.9421,1335.88,1257.3022,2253.9158,1084.6831,1470.9424,1228.2955,1307.8574,1332.708,2155.9426,1113.3735,1430.7346,1305.9048,1295.2954,1364.7246,2271.9478,1199.7577,1436.3649,1345.9697,1318.5667,1345.9059,2264.7485,1213.2064,1469.5037,1256.0948,2432.0554,1644.6417,466.39322,2299.0706,1870.5789,-464.98196,3092.3472,1295.5311,114.20797,3014.2595,1542.2834,-1011.0531,3550.5288,2002.6318,1.8115004,3527.7427,2332.429,-1269.9952,3523.0825,2152.6672,-27.192247,3512.7988,2502.0244,-1286.9927,3906.8489,2092.9182,-370.9168,3948.2708,2390.2268,-1616.8992
2023_03_11_17_23_IMG_4514.JPG,newsitup_down,1305.3962,934.88983,1014.5768,1281.207,905.06396,1150.3486,1295.0477,895.36804,1150.3252,1308.5564,884.8091,1150.6399,1241.2075,939.5532,1069.5085,1224.853,955.6476,1068.7834,1208.8435,972.6542,1066.3145,1334.8721,916.009,1742.4724,1202.7854,1035.9048,1379.8784,1373.0665,963.4936,1205.2699,1321.2872,1013.8203,1100.4229,1626.562,1023.02527,1897.534,1247.5083,1285.437,1307.9392,1721.3641,841.5643,2260.9854,829.428,1335.449,1151.9485,1454.8691,1019.6511,3011.6133,1134.2916,1156.1316,1986.6584,1397.2351,1069.04,2941.144,1191.2725,1129.8868,2052.008,1367.182,1063.1451,3054.452,1247.9696,1150.423,2053.4119,1393.9718,1058.6992,3034.4402,1250.7417,1180.0476,1995.5277,2254.0552,1571.8572,352.26025,2024.0879,1756.5333,-350.0875,2896.27,1482.283,-62.341022,2651.0098,1597.2578,-1244.1422,3228.2166,2271.372,-609.108,3042.3833,2468.0007,-1800.1707,3177.3772,2408.1455,-682.69604,3022.306,2618.011,-1855.0708,3554.8416,2459.4988,-1068.8678,3418.1497,2621.282,-2204.7095
2023_03_11_17_43_IMG_4655.JPG,newsitup_down,2454.8186,2017.4708,1140.6863,2496.5503,2036.9482,1153.4813,2500.4993,2051.4824,1153.2762,2505.156,2066.149,1152.1129,2483.8328,2002.924,1250.6238,2479.9138,1991.3197,1250.6763,2475.8486,1979.8947,1250.4844,2478.098,2106.2563,1284.1195,2445.6394,1997.24,1734.0623,2411.5906,2062.9976,1185.2716,2396.1152,2017.2101,1308.7587,2275.2869,2230.6187,827.792,2208.513,2024.3561,1998.3691,2041.6846,2220.5674,214.58366,2022.6826,1929.1843,1184.4176,2291.9756,2027.1934,-198.54376,2309.0076,1933.6714,-93.71925,2358.4143,1977.7994,-386.77478,2374.3027,1923.1737,-293.0829,2360.5476,2006.7059,-318.8382,2400.4673,1954.5155,-263.86047,2334.7341,2019.9507,-182.06012,2379.6372,1977.8765,-121.637184,1654.724,2384.2034,-526.23755,1596.2432,2251.461,528.0604,1314.7546,1958.3293,-1034.0883,1159.3436,1904.5072,77.94817,1047.5365,2623.9456,-884.7319,952.448,2510.783,320.17435,1073.1417,2770.5295,-851.6904,981.23596,2626.2861,338.45816,729.9316,2706.3691,-976.10016,685.33716,2620.4297,212.66745
2023_03_11_17_43_IMG_4656.JPG,newsitup_down,2589.9827,2082.976,-552.0182,2621.7214,2121.118,-634.4365,2620.2827,2132.4446,-634.30334,2619.3174,2144.3096,-635.2279,2625.5447,2109.2654,-458.5322,2626.6628,2109.1094,-458.54156,2626.9753,2109.042,-459.41586,2582.5723,2208.8923,-768.6531,2598.1367,2163.8281,32.91731,2528.564,2121.377,-597.4985,2532.5354,2101.3435,-368.27963,2305.9326,2333.5251,-1060.5663,2336.5437,2185.1067,704.5229,2095.4314,2393.8184,-1439.4554,2295.938,2094.0554,1230.0836,2429.7708,2245.0444,-1013.6579,2514.7124,2118.4272,1420.2147,2537.7588,2215.8438,-1062.88,2560.788,2120.0862,1457.3427,2525.563,2227.5374,-953.33466,2566.2253,2141.8054,1418.0956,2476.725,2229.3552,-957.4181,2541.9265,2144.366,1390.6298,1557.5238,2389.0771,-648.8658,1566.2405,2311.1511,648.9502,1135.0648,1880.6293,-854.2298,1123.1882,2007.9233,768.9742,906.8147,2493.3008,-265.4533,846.08966,2408.311,1261.749,953.4602,2613.4536,-186.74153,856.436,2479.4973,1295.6909,590.82983,2565.1995,-144.07872,588.3026,2459.8591,1217.9219
2023_03_11_17_43_IMG_4657.JPG,newsitup_down,2545.6108,2339.7795,-1169.2781,2576.703,2380.7336,-1244.2382,2572.7268,2389.8472,-1244.2567,2568.9138,2399.862,-1244.6381,2590.042,2364.4487,-1128.3722,2595.4219,2361.5657,-1127.4794,2600.0657,2358.7068,-1128.4924,2544.278,2434.5776,-1235.0903,2587.6887,2381.173,-705.29913,2490.2168,2354.922,-1138.8588,2506.0835,2332.216,-987.54974,2237.0796,2489.232,-1221.336,2347.3208,2326.5906,51.41631,1933.0771,2649.3472,-867.04706,2543.0938,2281.3855,954.24976,1704.196,2651.4666,-307.7754,2568.1028,2412.3625,1855.901,1648.3687,2658.6995,-355.46664,2586.985,2436.8794,1964.9696,1658.3102,2635.5134,-388.04242,2537.6067,2443.5525,1930.2589,1664.8206,2634.6484,-304.96323,2525.828,2427.4832,1831.8099,1460.3584,2358.6367,-556.21497,1488.0303,2262.2454,557.0072,974.7177,1856.9603,-829.69824,997.6949,1942.5383,453.84958,757.7929,2343.9568,7.310907,664.25604,2267.157,1263.5579,787.6423,2450.3772,101.98243,655.6215,2333.611,1331.9154,493.3595,2388.3894,93.6499,441.37125,2271.4775,1238.8136
2023_03_11_17_44_IMG_4663.JPG,newsitup_down,792.9718,2289.935,-1015.4014,737.3582,2323.2961,-956.8348,727.9103,2313.451,-956.0158,718.25995,2303.1685,-956.92487,766.95,2360.633,-1043.8239,778.59686,2381.5034,-1043.9291,791.0568,2401.9373,-1044.1733,745.6964,2341.9177,-500.69766,840.70685,2468.9563,-872.3617,829.191,2277.5752,-833.9586,867.1168,2327.1572,-935.6024,879.04297,2285.3628,9.54211,1135.3135,2499.021,-832.5375,570.74286,2270.5347,533.95404,1302.7269,2423.0308,-1105.397,629.9682,2471.2263,913.2693,950.97546,2528.131,-1183.6124,660.7721,2524.394,928.67554,851.83685,2544.1636,-1244.5792,690.5876,2528.0884,951.1831,833.0602,2596.8809,-1202.054,689.7099,2508.941,927.09265,863.6166,2568.6694,-1153.8652,1570.8927,1984.1223,296.2109,1690.4624,2139.434,-296.51654,1718.392,1555.2206,593.93713,2032.0076,1727.1543,-359.05603,1878.0287,1909.2399,1526.4586,1999.722,1986.3724,836.4384,1873.0592,1978.413,1621.2272,1970.961,2052.7422,982.3454,1985.264,1927.061,1835.4261,2087.4614,1962.7606,1289.614
2023_03_11_17_44_IMG_4664.JPG,newsitup_down,737.01587,1327.6748,-757.65265,695.84863,1338.4381,-664.05145,694.9294,1326.0127,-663.839,693.91437,1312.822,-663.6588,702.1801,1381.2926,-758.17035,703.71155,1402.7965,-757.88403,706.3517,1424.181,-758.8364,731.11237,1340.813,-168.74138,748.588,1482.9844,-568.706,791.00195,1311.3726,-572.0055,798.7831,1375.8527,-689.7808,1013.19434,1350.4836,450.14716,1029.9573,1515.8413,-611.32416,865.0185,1360.6783,1201.6273,874.88104,1623.1212,-445.06467,749.8702,1363.4608,1856.8383,831.3705,1532.6396,252.50623,715.6285,1386.2745,1977.47,811.0352,1539.6537,308.4564,715.2607,1388.8698,1938.582,848.0183,1531.031,378.26596,733.1369,1387.8617,1847.6412,859.7958,1529.4874,297.2587,1841.7784,1256.6135,385.50983,1888.2927,1371.9725,-386.16882,2242.2102,898.36584,442.70636,2323.4465,920.3381,-526.57404,2463.9163,1260.0833,980.34576,2571.4727,1334.5508,141.30232,2443.8936,1333.9835,1054.2059,2572.0337,1438.4636,222.97588,2675.1416,1258.3228,1262.251,2789.4182,1308.4805,390.14304
2023_03_11_17_44_IMG_4665.JPG,newsitup_down,507.53043,1360.7539,-165.05644,469.65808,1381.6107,-94.21585,472.1834,1377.2346,-94.2038,474.5053,1372.0831,-94.699745,467.02408,1405.2797,-212.78294,465.68524,1420.6017,-212.60255,464.97525,1436.0099,-213.91751,512.7872,1414.5955,241.69072,502.1913,1500.8466,-280.3385,572.4412,1367.8837,-40.24422,567.2737,1405.5819,-188.45068,834.2039,1408.1547,630.87585,794.20984,1635.3203,-480.8815,821.29175,1321.7946,1263.3564,931.0163,1740.1499,-455.68207,631.8817,1355.292,1772.7755,656.55743,1583.1201,165.38084,584.75714,1372.1226,1806.615,575.15924,1543.2722,197.23088,568.4875,1399.916,1831.6649,547.8737,1559.8236,244.16113,586.9462,1400.5062,1776.1387,587.8638,1565.5867,202.58426,1632.42,1451.6752,411.2909,1632.9087,1604.0887,-410.31363,2185.1814,1082.9362,268.8575,2139.0964,1145.1877,-658.1606,2455.8994,1582.7572,630.3399,2485.7795,1673.9252,-438.73703,2422.3552,1684.4183,670.50134,2460.1914,1812.9188,-400.91397,2714.9302,1655.6123,686.2286,2797.757,1653.8923,-408.03656
2023_03_11_17_44_IMG_4666.JPG,newsitup_down,867.6144,1127.393,879.7457,831.2383,1144.4972,1022.4365,835.8488,1142.6208,1022.06866,840.0216,1140.1558,1021.39056,818.7612,1166.6085,854.64624,813.6187,1181.3743,854.6534,808.9425,1196.8287,853.2583,862.57,1191.8027,1548.4342,822.0959,1268.0745,797.0861,920.9418,1146.8324,1058.7799,906.81,1179.1128,842.67316,1145.2776,1263.4053,1871.805,969.9042,1422.3268,499.89136,1214.997,1172.7336,2524.2527,988.6473,1577.9626,485.1592,988.43964,1201.3335,3303.7512,855.54736,1403.5502,1450.3099,919.6102,1207.1122,3306.1218,792.71643,1358.217,1507.391,897.2792,1228.2767,3390.9038,789.56226,1379.4614,1512.5488,923.1021,1238.6504,3312.8508,831.99243,1390.8889,1476.5858,1750.9606,1471.5706,540.9612,1650.7196,1588.9763,-539.48114,2223.9019,1214.4318,177.18529,2132.4883,1247.8035,-1213.7146,2602.1282,1702.1343,-262.0352,2472.7307,1783.6244,-1695.1729,2599.3474,1808.0493,-326.72507,2457.0986,1911.756,-1729.7479,2871.1252,1762.9983,-635.584,2791.3247,1813.4015,-1971.5011
2023_03_11_17_44_IMG_4667.JPG,newsitup_down,1020.4149,1158.1134,1794.8245,986.6588,1167.9673,1789.5767,985.44946,1176.3385,1789.5929,984.13495,1184.2981,1788.6486,988.9101,1148.8176,1707.6943,988.007,1145.1306,1708.1343,987.01,1142.4102,1707.8594,984.1272,1218.4852,1771.193,991.20605,1162.1467,1426.7328,1043.913,1185.9609,1798.741,1043.2732,1168.9578,1700.113,1130.6349,1368.7296,1659.8578,1060.2385,1196.1068,987.27454,1400.3534,1405.2229,1930.9395,1178.0647,1328.0906,263.0718,1474.6064,1124.4318,2244.9182,1139.3572,1245.242,-569.37585,1480.5281,1052.0441,2242.9705,1129.1812,1243.9545,-712.70105,1452.6401,1040.8463,2179.577,1114.1222,1231.3079,-678.13586,1447.58,1058.3577,2206.027,1131.9412,1235.4432,-580.0829,1715.2701,1534.5345,282.25702,1665.7345,1428.6029,-279.0857,2187.5044,1327.7064,-42.350136,2040.5715,1362.629,-1109.6204,2400.3655,1843.2662,-1123.0105,2245.665,1960.9292,-2195.3704,2378.1538,1946.999,-1244.1705,2234.8074,2072.6702,-2289.5276,2570.615,1955.6537,-1418.9973,2460.2644,2100.3396,-2375.8237
微信图片_20230311211824.png,newsitup_down,82.17893,166.35783,-5.2781696,73.973785,170.0657,-0.8274032,73.53109,170.76457,-0.78099525,73.07199,171.38666,-0.8802481,74.15753,170.2643,-20.555338,73.60074,171.42075,-20.555134,73.12654,172.6036,-20.709663,72.70376,179.67166,33.123646,73.41602,181.10791,-53.97946,86.86954,170.96474,8.1201,86.7688,172.15605,-16.776579,109.611725,185.72466,67.72682,99.3721,200.562,-72.972595,108.9956,169.70326,112.941055,79.649216,190.40771,-89.90558,87.03729,187.93425,111.36526,65.408295,198.78221,-11.283345,81.216095,193.14622,106.49028,60.46489,201.43425,-2.0484242,80.66519,196.13437,113.92466,64.1033,204.29265,-2.80948,82.60162,194.68675,111.41956,67.09349,203.74785,-9.7328825,209.73787,188.38005,54.50421,211.70155,199.6813,-54.38462,270.2988,135.48476,54.6046,274.7897,142.35097,-66.12587,313.08044,194.44455,47.58208,314.90656,204.72379,-55.18563,307.429,206.94221,45.499294,307.82156,220.60811,-54.170437,349.5483,206.0672,17.197878,355.8367,208.60805,-79.60497
微信图片_20230311212042.png,newsitup_down,200.88676,83.152275,25.375607,206.58272,87.14763,15.425012,206.82414,88.37161,15.471473,207.07611,89.62434,15.458257,206.43134,85.86454,28.212442,206.66432,85.85442,28.227934,206.86827,85.85903,28.210583,205.47992,96.70849,-9.940682,205.65799,91.18469,48.723953,196.27057,87.370544,16.445518,196.2462,85.226204,33.5056,180.7897,101.918816,-36.262268,180.55754,89.19755,67.04584,157.10191,64.8547,-2.5321915,154.55627,57.94725,25.766998,176.2129,72.46417,77.65792,171.27345,71.77705,-56.017345,181.79968,72.40552,82.10291,176.80223,72.71609,-64.61312,178.47325,78.88424,76.71269,178.67888,79.47629,-53.57375,176.11665,79.65131,78.08039,175.97171,80.48798,-55.27414,109.54988,93.12044,-34.687122,112.43048,84.65938,34.748917,69.04133,49.307327,-43.257416,69.43368,51.89305,21.602743,38.744476,94.78018,-20.120058,46.125374,88.971565,64.67248,39.663044,104.2946,-17.36018,47.723377,95.860306,68.982185,12.634015,97.91635,-24.364235,21.354706,92.98039,74.20754
微信图片_20230311212059.png,newsitup_down,367.01544,160.43146,-55.33462,375.14957,166.97932,-74.29192,375.29068,168.6741,-74.2813,375.50076,170.45218,-74.26261,376.14154,166.38766,-50.050434,376.78906,166.99976,-50.04122,377.40115,167.6012,-50.028336,372.16782,182.94795,-121.745384,375.71716,179.56767,-12.88803,358.29245,167.98228,-70.114006,358.86816,165.87119,-38.878334,320.53452,195.6075,-174.16327,326.6899,180.92097,58.414394,244.07637,162.7074,-171.76093,258.50504,163.08362,86.55873,187.77872,126.061035,-99.34733,199.98892,138.36838,73.523315,171.70755,121.95243,-110.810524,184.29044,130.7011,78.41589,173.52466,116.45862,-102.81144,184.77725,131.06195,60.826633,179.18298,119.333206,-93.628136,189.74817,136.04756,64.51655,190.67673,193.65028,-71.84783,201.1828,178.57503,72.14257,114.69968,103.17179,-99.21787,132.9001,105.236694,77.51089,73.3638,194.2,-20.925371,85.1125,175.1903,170.94695,79.27731,214.24489,-12.306897,86.474434,191.66898,178.71838,32.19543,200.81378,-3.3775618,46.8203,179.48836,190.25798
微信图片_20230311225605.png,newsitup_down,101.47844,188.34259,-29.341665,92.1796,188.04633,-20.844828,92.70422,186.78355,-20.76298,93.21094,185.34317,-20.836945,90.21785,192.84322,-38.82805,88.93411,195.78873,-38.86283,87.83411,198.7762,-39.0945,97.177505,193.43242,32.942947,90.75455,210.93187,-48.458393,112.792984,192.1897,-9.183628,109.95331,199.5893,-32.510788,151.49245,207.1994,97.54699,132.89326,242.47731,-69.24033,109.17817,184.35533,236.78421,55.528393,233.92441,-109.13563,87.74219,203.03142,348.76486,75.58081,211.569,18.304749,82.34032,210.84262,355.80838,76.937904,212.25734,35.640194,84.24878,213.45546,363.55673,88.17963,212.1646,45.58494,86.0681,212.4306,350.5989,90.73123,212.82278,25.105865,312.0096,216.59236,61.374847,315.71005,242.7014,-61.13868,398.62878,153.69865,49.465633,421.57397,154.12384,-86.33358,453.47348,209.88824,88.83577,459.14584,251.78772,-34.434505,455.74316,224.56429,92.32598,452.20178,275.42813,-26.370346,487.38422,206.76218,81.44672,506.27402,259.62878,-23.84009
微信图片_202303112256051.png,newsitup_down,230.53383,213.93765,13.28654,214.31042,206.58597,16.094774,215.63943,205.3837,16.121355,216.91786,203.96268,15.940136,206.61075,211.56012,-9.162393,201.78435,214.2716,-9.129054,197.12357,217.03557,-9.469293,209.23138,215.84831,90.34504,183.90863,234.81964,-29.421793,240.38289,226.5686,43.51557,229.78111,232.89737,9.194935,267.01138,239.83755,173.70512,209.64041,304.18588,-52.786644,277.56992,138.24101,277.24237,161.57828,219.61732,-107.053154,200.7755,164.86708,307.21823,126.33822,197.52058,-3.7258718,183.75987,171.09152,287.07797,114.51351,196.0829,-9.573777,177.05539,185.77126,311.99445,117.51913,196.58745,-8.624081,184.49686,188.97697,311.59732,127.18861,197.37607,-3.8847003,480.28745,291.69818,87.26933,475.0964,336.49493,-86.65486,614.46173,184.42595,57.452545,627.84393,176.66264,-165.69345,739.5672,324.87036,85.46645,738.48114,347.92084,-170.50066,742.6579,360.11685,87.75693,733.1694,390.6206,-167.14928,808.9789,328.99396,55.78716,819.5172,350.05777,-182.36899
微信图片_2023031122560510.png,newsitup_down,223.19289,167.66808,10.217657,208.14568,167.29382,17.33296,208.5237,166.856,17.457294,208.80772,166.29799,17.6783,204.88763,171.04526,-10.422344,202.41025,173.98172,-10.760876,200.13904,177.03699,-11.571968,209.1012,178.32367,89.76718,198.89046,191.76224,-38.668972,234.73764,175.46747,37.665333,230.00494,181.71771,0.9933126,276.95966,195.40938,170.03119,246.24985,239.6399,-63.42363,251.24046,173.1717,405.4801,150.0998,224.95874,-107.97248,224.01984,206.6378,559.36993,184.04102,216.71904,101.10017,215.53511,217.04971,559.12915,186.26521,220.29176,137.25119,218.4943,221.60205,576.3084,202.83801,224.78651,141.21973,221.20769,219.36716,562.96326,205.6533,224.8829,106.92012,468.28183,202.38873,89.21566,469.9968,230.96545,-88.91889,569.96747,112.13536,98.77719,564.7789,94.85405,-117.73917,656.48566,212.9367,82.38215,652.9263,224.45358,-110.81328,654.2388,236.50482,79.56785,647.6561,257.3695,-106.19133,706.7106,229.95517,39.772224,719.9097,237.06946,-114.10353
微信图片_2023031122560511.png,newsitup_down,125.16106,129.48045,0.03405179,109.63577,131.08578,6.2209167,110.05944,130.5752,6.3750477,110.399086,129.9123,6.5703435,106.372185,135.09735,-21.548477,103.97148,138.29097,-21.79174,101.7659,141.56668,-22.514736,109.665794,143.4023,74.39224,99.50859,157.9961,-50.28141,136.31998,136.84418,27.01471,131.6399,143.51045,-8.854111,175.15239,159.228,154.5648,143.32072,200.36566,-76.66162,146.09822,148.01176,309.47763,57.33338,189.73865,-115.69006,117.22443,175.08145,413.49344,74.603676,187.8247,70.79442,109.27675,185.28168,411.98193,71.636795,195.85526,93.051506,108.04815,188.61429,425.51324,85.75221,196.23863,104.31271,109.65256,186.93672,414.7296,89.43534,193.98227,78.52816,373.93173,166.67494,83.27343,375.7322,194.28673,-82.954094,470.3317,76.227066,74.61156,464.18942,55.75048,-118.306725,561.88403,169.19666,76.65309,552.03906,183.73827,-96.01949,563.03973,191.76086,75.44662,546.3838,217.12947,-90.01588,611.21765,172.82397,47.71173,619.9314,188.24931,-89.11255
微信图片_202303112256052.png,newsitup_down,332.5717,81.70375,166.86798,344.2368,74.59136,144.79652,346.57083,75.718124,144.76416,348.9969,76.89178,144.63727,342.18787,73.48063,178.60374,342.82358,73.712875,178.60623,343.301,74.01196,178.29245,360.76593,87.47344,64.12106,353.55725,81.373314,217.71571,334.64908,93.74616,137.93141,331.20834,93.01836,182.51695,352.6999,137.87912,-5.8898654,347.6863,120.47097,264.8456,367.62457,109.995094,35.871017,363.3012,115.310905,402.34448,375.52066,102.639015,299.1552,381.8339,102.12479,500.91873,381.744,99.906334,318.06436,389.9454,97.65041,513.03174,382.94824,104.85124,332.8765,390.51355,100.007065,496.38205,378.92578,104.15477,310.48947,387.78055,103.60403,494.26657,206.15019,166.66461,-114.84114,201.24785,152.08646,114.794556,99.898674,57.366066,-143.6323,94.85957,74.64993,104.76098,39.211174,155.3517,-127.95719,45.63067,157.23802,86.05986,44.996838,179.61037,-121.77843,49.563618,177.52719,81.0331,-13.358235,164.34995,-114.34728,-0.3807497,163.88559,61.95668
微信图片_202303112256053.png,newsitup_down,289.98248,77.30022,-13.928301,297.7877,81.31866,-27.886276,298.67215,83.103615,-27.86984,299.60754,84.976006,-27.947605,296.46344,79.39241,-3.7157457,296.43365,79.65891,-3.685443,296.26242,79.93137,-3.8156862,299.15036,97.755486,-61.52911,296.07266,90.37736,50.090282,284.7847,86.50675,-26.246792,283.1517,83.95043,6.1297226,269.7414,128.16393,-75.27314,258.45352,100.41399,101.98643,306.94965,133.01305,-59.078342,273.87256,84.2484,216.99394,307.1389,115.03177,76.76071,295.19968,87.782524,278.20688,307.86774,109.834465,89.11776,299.66788,89.10878,283.2162,303.08295,110.66692,91.54788,298.97604,92.867485,284.0884,300.7446,112.88353,80.981316,297.2061,93.984406,277.08707,148.65211,129.37674,-72.16414,147.70316,110.07768,72.254425,81.84429,59.51856,-87.78672,90.20394,45.12009,84.72344,39.963905,124.55644,-35.101482,53.64851,110.828415,137.26866,44.210526,141.31712,-27.403875,56.24586,125.94708,140.63388,2.513951,128.33664,-29.389574,19.838707,114.92523,135.07924
微信图片_202303112256054.png,newsitup_down,590.18744,182.30733,-125.57034,607.6005,201.25148,-124.98449,606.9346,209.3311,-124.77022,606.3604,217.61179,-124.8018,610.0958,183.45216,-103.66325,611.7319,177.66212,-103.82341,613.1343,171.75363,-104.02008,596.9682,238.0322,-52.32847,609.3194,177.35594,44.357174,571.48804,200.08101,-97.1736,575.057,175.25175,-70.022865,522.69666,279.47144,-2.9231396,527.2021,153.37007,130.25935,575.8529,361.14807,-85.74899,585.6505,54.704433,156.8485,614.8586,268.944,-54.580368,617.8724,162.26111,295.69016,629.39246,248.88397,-62.832985,630.1468,195.0226,303.09933,617.8033,244.48117,-25.417103,619.62946,199.02855,347.4723,609.11035,247.77281,-45.85642,610.4474,189.42569,311.73257,266.74255,218.91658,-70.76923,276.96957,144.92984,71.07656,75.659195,85.01144,-156.01183,90.61972,25.104412,35.497444,112.79785,184.6392,90.17051,92.183464,100.27049,229.63054,144.02689,199.49686,120.05794,104.81061,121.93078,250.21552,41.800102,203.97427,146.1912,36.739914,83.33171,255.00748
微信图片_202303112256055.png,newsitup_down,55.019974,61.647034,25.153082,50.7892,59.76453,23.16497,50.8872,60.38331,23.144672,50.981125,60.957882,23.111889,49.91157,58.630314,15.200446,49.072002,58.466385,15.210128,48.278103,58.338055,15.218593,50.418846,65.41382,22.982872,46.84519,62.063164,-13.718859,58.43675,66.69677,27.174885,56.78018,65.77501,16.747913,62.977676,92.09175,44.93638,68.5117,72.10223,-34.855988,64.09186,72.27799,86.969124,89.27699,40.324554,-23.924454,39.84814,67.21289,122.00687,67.905945,48.76874,47.78237,32.66145,65.08353,123.619125,61.841507,48.90711,51.60831,32.77022,67.76868,129.29852,60.44823,53.221478,44.91195,36.00994,68.33685,124.035255,63.689075,54.670837,47.446537,150.22092,114.00662,29.322475,157.04669,107.38797,-29.198563,213.31537,97.53803,34.37219,223.0681,83.67738,-34.115612,258.03052,109.68262,70.48466,270.74408,114.3416,-18.341248,262.89133,115.81232,73.605705,274.09772,123.45277,-15.341148,274.25766,103.36591,75.28757,291.29083,110.78654,-9.879668
微信图片_202303112256057.png,newsitup_down,314.91324,99.39806,108.309204,326.462,91.42489,86.50524,328.6258,92.51773,86.41649,330.85873,93.63268,86.40016,325.60352,90.1381,118.22725,326.88455,90.275444,118.175125,328.01602,90.45889,117.747345,343.4295,102.49358,5.0653744,340.157,96.66388,150.09428,317.0157,111.49964,79.14173,315.12067,110.68446,120.797455,333.68124,156.18323,-79.794785,334.75015,136.24744,198.73407,337.11145,123.95086,-100.55783,343.14966,126.96599,356.89377,356.90338,121.99074,94.69413,364.4536,120.57027,431.13608,365.68567,119.21844,108.574295,373.2715,116.302086,430.54813,367.88315,127.350945,113.98841,373.20584,120.27881,422.39664,364.04315,125.74377,101.33867,371.17487,124.0105,426.03668,188.11137,179.20862,-112.14156,186.26126,166.89606,112.09984,97.19067,66.46614,-129.87802,83.96032,79.79207,115.71662,22.49651,170.38487,-68.90856,20.191196,162.16061,136.1456,27.400494,196.15457,-57.772026,22.503757,183.99434,134.75677,-34.640785,180.32382,-39.104225,-29.47491,164.20746,111.5469
微信图片_202303112256059.png,newsitup_down,316.42398,91.46482,-40.241882,331.90286,80.573875,-42.67336,337.3629,82.065125,-42.696552,342.89847,83.56734,-42.82194,319.5259,76.80478,-30.234278,315.4445,74.723145,-30.267038,311.27185,72.73005,-30.38972,355.77756,90.80264,-6.9312468,313.94693,74.93283,54.479435,325.69153,105.59773,-23.252737,309.59998,99.66711,-5.1016836,366.99362,151.52396,-14.735093,287.23608,104.31139,110.26338,312.44717,157.642,-12.448586,227.18715,104.29714,87.66579,335.03558,84.20174,71.23902,298.2713,65.737305,19.29967,339.01343,62.79712,75.28513,316.03027,59.86626,10.174558,346.26932,67.905556,80.42908,326.64758,52.65472,24.264717,341.1025,75.43168,74.818924,322.46747,61.842026,21.8536,230.94379,285.19043,-54.41848,189.20651,245.44342,54.64644,114.83989,295.36987,-134.80327,74.06358,251.71062,-80.53372,40.369705,418.85257,-131.5585,22.357307,396.4328,-83.278595,42.413265,442.0891,-130.06335,30.598028,422.1107,-82.82121,-23.382994,443.45328,-165.3422,-43.219624,427.53687,-109.490585
2023_03_11_17_23_IMG_4520.JPG,newsitup_up,2294.0444,1005.98334,-2081.7087,2335.6582,912.0472,-2203.8716,2368.812,906.85565,-2203.752,2401.9685,901.3299,-2202.3,2258.546,911.5277,-2071.7603,2232.9072,905.60046,-2072.5315,2207.621,900.9953,-2073.768,2511.991,865.665,-2189.4922,2245.9868,867.5423,-1567.5022,2392.743,1044.1647,-2028.2708,2305.7856,1046.5189,-1846.6953,2815.0308,1080.6693,-1791.3517,2344.3545,920.2764,-719.46857,2661.4492,1249.8708,-841.82806,2229.1006,1124.0809,430.83688,2598.204,888.8846,-95.46464,2252.0664,1100.6204,971.4126,2557.0735,800.1832,-166.52522,2237.319,1104.2576,1014.0551,2614.447,726.97845,-233.40848,2259.8276,1084.7277,896.17786,2621.2444,759.3007,-110.82283,2280.7893,1082.428,926.66797,2687.4028,1670.3973,-458.8403,2446.3682,1504.8126,459.31848,2112.375,1646.321,-934.00446,1925.7247,1458.0393,-545.9907,1686.3824,2221.155,-450.36115,1495.4462,2174.0527,-426.46997,1676.3635,2312.7146,-398.00037,1508.8293,2301.9531,-418.3711,1390.225,2411.6387,-720.167,1164.909,2380.0566,-757.027
2023_03_11_17_23_IMG_4521.JPG,newsitup_up,2369.8467,851.0575,-639.95264,2360.2302,813.7234,-836.2855,2361.067,816.2115,-836.0599,2362.6702,818.99866,-836.1782,2377.8992,801.5821,-718.87885,2391.3552,797.4364,-718.9642,2405.1282,794.3901,-719.6945,2439.9106,842.5152,-1342.3848,2488.9954,810.8949,-831.0734,2422.5225,904.1205,-793.54486,2436.319,896.88043,-639.6555,2619.3093,1195.3702,-1284.0245,2821.5325,912.07666,-403.68237,2592.0981,1352.4768,-620.5604,2803.2847,815.2603,221.37926,2542.7224,1227.2811,233.7046,2575.5435,717.7372,866.6903,2509.9797,1211.4741,174.41197,2514.4153,676.08636,963.73724,2525.0537,1161.2715,215.58884,2489.8743,712.63336,843.551,2549.7021,1161.2701,264.58505,2495.26,746.3976,832.7439,2526.969,1946.01,-464.93832,2619.5918,1767.1223,466.8996,1901.5613,1539.5911,-714.366,2027.2107,1406.4651,47.22107,1371.3124,2066.6816,29.806156,1467.1107,2017.254,452.79105,1371.8787,2170.9282,128.45331,1440.4595,2138.4443,490.83075,1059.7382,2123.7292,210.40817,1151.1549,2113.756,389.64484
2023_03_11_17_23_IMG_4522.JPG,newsitup_up,2218.0588,803.1352,-1742.7074,2202.222,780.03534,-1952.9036,2191.8794,784.6933,-1951.7441,2182.0803,789.68634,-1950.6741,2247.7695,766.1739,-1844.8228,2270.836,763.6637,-1845.0133,2294.0134,762.5698,-1845.4822,2228.8494,845.38086,-2370.0784,2381.6428,804.9267,-1882.8138,2242.7136,872.0075,-1850.481,2286.185,863.73096,-1702.6405,2242.495,1157.5814,-1805.9314,2787.354,1034.3716,-1154.1299,2273.9072,1295.6793,-436.99152,2866.0317,1172.2173,-65.55716,2301.1848,1174.9221,988.8097,2637.0244,1042.9152,1140.0103,2275.1138,1180.9158,1136.7551,2593.7563,1007.4108,1431.4758,2308.524,1143.0598,1158.4075,2522.1194,1018.3673,1339.9369,2347.0264,1128.2002,1045.8875,2508.9707,1041.069,1156.3748,2216.179,1927.583,-393.15387,2473.7556,1895.3643,396.68594,1727.841,1412.6646,-499.37576,1956.2754,1397.9716,47.08388,1293.6653,1933.2722,687.753,1368.7599,2016.5363,846.516,1304.5417,2025.0802,801.2665,1334.8363,2139.3892,910.0367,1024.1033,2014.821,755.26807,1088.0227,2093.5967,672.28534
2023_03_11_17_23_IMG_4523.JPG,newsitup_up,2774.9348,901.86084,-2486.4177,2707.4832,835.6856,-2444.0247,2717.993,817.68634,-2444.1365,2729.743,799.5179,-2444.0146,2659.7087,890.6972,-2548.0396,2632.945,914.02686,-2547.6333,2606.6938,937.65656,-2547.3418,2686.524,830.8866,-1917.9263,2521.3396,1014.83136,-2415.432,2808.332,948.1595,-2272.946,2747.7395,1016.2941,-2409.041,2722.5383,1078.1548,-1192.266,2509.0854,1355.1266,-1982.4204,2690.078,1239.154,-55.39627,2498.5352,1695.5942,-1221.0464,2711.393,1260.0945,283.20425,2689.1687,1430.0803,-473.95172,2703.61,1222.409,272.47397,2746.6372,1367.5385,-466.3245,2724.7927,1235.4047,217.45758,2711.9119,1283.3523,-495.37762,2718.098,1262.9519,261.2426,2704.359,1298.3076,-475.2205,2493.2837,1849.423,366.29562,2421.6978,1941.8772,-364.14566,2282.6936,2139.906,1172.9749,2130.274,2264.883,-100.93486,2023.2595,1658.371,1940.716,1676.6605,1759.5872,630.483,2010.5907,1552.573,2051.5034,1642.4155,1663.5939,753.7561,1884.8613,1587.0865,2509.238,1512.5118,1685.4198,1200.0842
2023_03_11_17_24_IMG_4531.JPG,newsitup_up,2073.9446,1028.2993,-654.7506,2090.8674,958.42615,-661.9382,2082.7607,961.0043,-661.03107,2075.0994,963.1477,-662.33307,2098.179,947.03973,-822.25854,2095.7393,938.18335,-822.1364,2093.1375,930.10846,-823.2115,2036.2206,975.22003,-442.56403,2053.1157,922.11633,-1182.4595,2034.6907,1087.4971,-542.6167,2045.4625,1065.231,-749.68506,1787.74,1255.5925,256.0161,1893.8799,1236.802,-1444.5721,2160.93,1405.7042,796.9454,2317.4458,1338.2238,-1149.4635,1950.9738,1109.0219,1461.5667,2014.3871,1002.1389,184.23486,1925.1156,1029.8668,1588.644,1992.2762,880.5887,235.19623,1867.2203,1051.2317,1689.3624,1889.8119,926.3008,158.10306,1885.4504,1094.2123,1501.9344,1890.8413,983.925,185.34119,1918.8175,2171.9575,774.2734,2032.4304,2297.5847,-773.2919,2415.016,1306.6039,930.22577,2650.7888,1494.824,-1044.6937,2871.9192,1921.8652,1096.6576,2980.6792,1973.4296,811.8266,2854.4324,2070.7197,1134.6456,2953.3513,2099.0457,1045.884,3199.5461,1951.7323,1376.4949,3243.6687,1870.7457,1544.3395
2023_03_11_17_24_IMG_4532.JPG,newsitup_up,1897.7762,878.462,-187.24045,1902.1469,822.8158,-280.72183,1891.2673,826.6161,-279.8829,1881.3848,830.07587,-279.86188,1923.1177,817.3176,-392.89212,1926.8711,814.069,-392.50366,1929.9232,811.86945,-393.61392,1847.4076,877.67377,-292.87357,1909.6677,849.82336,-849.1294,1868.0487,946.8627,-154.43529,1879.9761,935.62384,-306.35696,1609.014,1154.3066,348.2877,1850.9312,1150.0748,-972.25916,1671.3345,1278.0083,1327.613,1983.2682,1341.5729,-0.04423437,1797.0472,1024.6095,2448.2654,1777.2017,1042.6913,1879.6593,1827.0878,984.2291,2572.196,1750.1116,958.75385,1983.1643,1804.8031,968.9066,2520.6865,1688.7787,941.114,1931.7773,1803.7764,1008.4317,2442.7144,1695.3379,988.8061,1899.3546,1692.8658,2040.1184,736.7855,1845.8778,2126.6765,-737.29364,2255.3699,1324.5592,603.3538,2581.691,1396.2837,-1003.0492,2720.3948,2093.175,939.96246,2924.3845,2163.854,97.67429,2709.5693,2271.2258,975.55597,2881.5703,2347.3706,234.65594,3017.949,2167.417,998.0676,3282.9282,2146.4749,418.55258
2023_03_11_17_24_IMG_4533.JPG,newsitup_up,1758.5394,862.131,139.66263,1764.0472,810.2431,81.88344,1756.47,816.0542,83.039505,1749.6235,821.302,83.07377,1779.0269,799.0649,0.9835541,1781.0312,793.2102,1.4900006,1783.046,788.2711,0.5573541,1716.6293,868.8597,121.93567,1765.9766,823.39087,-287.4319,1731.3744,932.3185,178.36104,1736.535,913.7049,63.6635,1498.3855,1127.0598,514.2004,1711.2311,1123.0641,-506.44785,1496.4396,1102.9225,1371.3395,1805.8116,1196.032,10.911577,1647.9333,842.0049,2538.2231,1671.1189,928.3771,1205.7279,1688.16,803.75885,2680.3677,1654.266,855.6914,1226.4543,1665.9816,793.8778,2614.0654,1606.254,828.93756,1225.0378,1664.6033,819.3817,2524.2556,1610.3628,869.4289,1231.3151,1583.3604,2014.6133,564.16547,1706.1937,2134.7112,-565.6825,2249.1865,1364.8167,295.22195,2355.053,1479.6621,-824.8079,2703.4976,2121.3145,381.03217,2883.764,2202.8784,-215.42715,2671.3892,2284.8364,395.6573,2869.6282,2363.1057,-121.90252,3047.8813,2226.8083,374.01633,3236.9119,2201.847,-69.72328
2023_03_11_17_24_IMG_4535.JPG,newsitup_up,1967.0477,1089.378,-1367.5996,2015.9517,996.19464,-1385.15,2040.4291,978.9813,-1385.418,2065.8008,961.0937,-1386.3676,1938.2556,1022.1669,-1439.3593,1906.168,1019.3,-1438.5302,1874.408,1017.65814,-1437.246,2066.331,869.7608,-1061.5745,1794.5027,939.4864,-1297.6881,1972.6967,1071.3251,-1202.6442,1888.2117,1092.2825,-1268.9907,2097.4167,790.6244,-557.69824,1454.2585,972.4565,-981.7017,2532.8416,760.5418,-536.39,1540.4071,1242.2727,-856.9157,2274.76,669.7308,-730.9882,1689.5562,872.2863,-630.16644,2236.3625,670.94385,-864.8041,1730.658,793.4591,-672.61835,2160.1108,676.0215,-733.14374,1697.181,735.01483,-675.77216,2157.8118,697.5779,-693.29785,1706.8031,760.35236,-629.52374,1946.7986,1521.4952,223.92024,1606.9653,1651.3861,-222.15079,2433.339,1500.4211,-1311.675,2054.828,1688.1871,-1460.9921,2741.5415,2244.354,-995.4816,2504.9038,2468.9878,-1309.3152,2714.061,2350.1082,-981.3856,2526.9536,2552.9995,-1292.364,2980.572,2539.997,-1505.9514,2814.8462,2799.9658,-1754.8914
2023_03_11_17_24_IMG_4536.JPG,newsitup_up,2021.223,1086.5662,-2335.595,2075.3672,1008.1136,-2364.2856,2101.2046,1000.54694,-2364.2263,2127.5137,992.1831,-2365.837,2005.7395,1015.324,-2366.9348,1980.7805,1009.07336,-2365.9163,1955.3988,1004.4167,-2364.584,2169.4734,941.1064,-2000.5989,1927.274,951.48224,-1996.0258,2057.9822,1088.2345,-2148.2993,1976.1538,1092.0602,-2143.4148,2303.0486,922.4579,-1144.982,1723.0787,953.11786,-1381.6534,2713.9001,893.2973,-371.08832,1587.3678,1137.0665,-904.34863,2442.1538,745.87384,601.4067,1806.5767,865.96063,-255.3205,2380.0076,736.44275,681.61475,1869.7511,813.82086,-164.10686,2315.4355,710.9019,854.1691,1858.3037,767.9668,-136.94052,2323.8328,728.0804,688.2386,1852.528,800.42474,-218.74306,2169.4473,1550.6051,94.89444,1862.5922,1605.0143,-93.857414,2558.856,1644.2609,-1409.0612,2036.0653,1742.6195,-1506.6288,2616.461,2387.798,-888.0928,2338.7651,2486.7952,-1099.3544,2576.0037,2458.959,-859.8672,2379.666,2535.575,-1063.7784,2719.7983,2763.6843,-1558.8055,2505.955,2888.0642,-1641.3553
2023_03_11_17_24_IMG_4537.JPG,newsitup_up,2307.4695,1220.692,-1983.3241,2351.6074,1135.6226,-2029.4357,2375.4739,1126.4031,-2029.3087,2399.6064,1116.7356,-2029.6104,2279.35,1143.1135,-2036.6818,2250.518,1137.1405,-2036.0271,2221.8782,1132.6807,-2035.7664,2416.6443,1041.7556,-1747.4757,2157.2659,1063.9827,-1771.3174,2322.9836,1214.742,-1820.4055,2242.3215,1218.3079,-1822.0627,2554.7827,1013.31354,-1207.1072,1861.7021,1065.9406,-1291.0833,3010.6777,959.3101,-976.678,1664.7001,1206.6295,-1073.5978,2675.6763,934.3417,-960.6652,1946.9554,1013.02216,-720.7449,2594.1172,959.8691,-993.56213,2027.9711,966.71124,-678.2911,2514.194,905.1986,-836.7222,2024.4655,932.1778,-604.79877,2529.8008,906.6071,-894.6458,2009.6265,955.72473,-677.8081,2436.9976,1538.1888,-57.534573,2062.8984,1574.4363,58.921577,2615.0496,1957.1875,-1616.6892,2057.7515,2035.2349,-1394.4481,2605.293,2655.8694,-1164.4735,2236.545,2640.3555,-965.3704,2571.6045,2720.3726,-1126.6561,2262.723,2702.937,-929.1011,2625.219,2958.1506,-1719.6666,2320.0771,2898.5981,-1433.619
2023_03_11_17_44_IMG_4671.JPG,newsitup_up,1659.5372,1008.9094,-673.5526,1690.5526,943.58954,-741.58636,1707.6403,938.2816,-741.3073,1724.4938,932.6405,-741.5802,1660.6959,952.82574,-579.1021,1654.5435,953.9161,-579.1373,1648.2246,956.10004,-580.6657,1812.4619,921.2503,-760.33716,1712.918,947.5233,-45.01763,1733.0344,1042.8176,-676.8213,1691.7455,1054.9996,-469.7389,2073.447,1170.2257,-1079.7828,1737.7272,1118.5747,529.878,2024.666,1269.4828,-2226.2966,1619.8582,1277.4501,1705.6714,1988.9578,930.1844,-3232.2083,1455.3036,1197.8229,2911.672,2009.4795,812.23303,-3506.9214,1426.9591,1191.3418,3070.4329,2018.3822,794.8688,-3477.6873,1416.3022,1190.126,2962.4248,2002.7158,846.57715,-3251.9124,1434.1053,1201.5148,2895.443,2032.3967,2003.8269,-507.84756,1833.0206,1879.7018,507.20297,1539.6158,1712.7794,-1278.467,1304.1417,1577.8839,-539.03754,1065.9991,2222.684,-1379.9929,955.0872,2124.8188,-834.5571,1082.2953,2341.7732,-1384.4174,965.7061,2263.3628,-886.0589,746.7853,2235.4067,-1716.2179,665.7106,2159.8691,-1202.4958
2023_03_11_17_44_IMG_4672.JPG,newsitup_up,1848.9708,1028.2172,-417.73434,1852.1945,971.2844,-511.76193,1863.6627,969.1326,-511.54535,1875.5278,967.44556,-511.47952,1835.1066,970.0817,-389.8833,1832.7177,967.3562,-389.6964,1830.7778,965.53314,-390.56537,1933.3463,975.3911,-669.719,1867.7604,972.77985,-108.55911,1895.6036,1069.9642,-462.81113,1870.6571,1070.3934,-298.66357,2055.9248,1225.3359,-1003.5496,2041.4801,1105.7778,322.6845,1756.85,1262.0848,-1034.2349,1855.9728,1124.0015,453.34412,1882.0327,984.4345,-263.4874,2025.6418,922.0168,515.2035,1885.9088,898.9036,-281.71072,2049.2322,877.9948,551.302,1951.7561,921.23566,-329.75262,2107.9111,890.2811,586.76227,1953.44,954.07886,-266.6209,2093.102,919.286,527.54333,1945.0414,1989.5575,-591.1082,1941.1411,1862.6735,592.2618,1480.5931,1605.9131,-691.36035,1481.0375,1383.2234,356.49847,1116.4539,1877.0929,200.6971,1134.026,1802.6112,683.7981,1143.7864,1974.1876,307.19193,1144.5615,1914.0509,703.69244,835.0818,1814.2856,333.6865,858.50616,1826.3945,607.4804
2023_03_11_17_44_IMG_4675.JPG,newsitup_up,1492.7914,823.65173,-1838.0846,1525.7823,787.9516,-1852.8385,1535.617,797.2438,-1851.9109,1546.4911,806.58606,-1852.9135,1497.7765,759.891,-1878.125,1485.6747,747.2096,-1878.2949,1473.7196,735.7278,-1879.2814,1529.7516,833.15436,-1522.9353,1430.3757,737.361,-1659.9149,1479.0385,889.7743,-1689.2998,1440.2646,851.26074,-1720.4396,1554.6211,1036.5769,-1355.9915,1230.1119,989.4406,-1437.1056,1945.7277,924.48083,-1818.8755,1499.3729,975.79535,-1284.748,1521.7631,846.0625,-2219.6497,1497.5386,875.86426,-469.38943,1378.8035,852.8864,-2379.0327,1521.7424,835.72754,-401.85327,1374.1158,839.29333,-2281.4573,1460.0636,849.6907,-404.73914,1429.8574,850.2694,-2187.6426,1457.1001,866.1905,-455.12247,1514.8835,1829.6976,99.8797,1360.0997,1884.1029,-98.238495,1888.8986,1588.453,1181.6565,1488.1259,1739.8485,956.8756,2136.3008,1615.2972,2943.1118,1535.3606,1729.117,3097.2239,2137.6814,1626.7324,3130.9163,1523.2896,1722.5536,3321.9568,2236.1228,1634.1969,2973.0078,1545.3894,1753.3341,3350.825
2023_03_11_17_45_IMG_4676.JPG,newsitup_up,1358.0381,967.27673,-825.4879,1358.9038,908.2771,-787.6897,1357.0679,903.93933,-787.2732,1356.2205,899.2753,-787.94366,1346.7233,915.52075,-940.85626,1335.2848,914.3357,-941.2337,1324.242,913.88165,-942.3238,1302.5815,898.85284,-438.55798,1256.1796,914.01416,-1128.8439,1323.1104,1002.39526,-682.2572,1308.7301,1008.3865,-872.57654,1238.886,1050.5969,-95.0238,1044.7712,1152.0293,-1356.7345,1415.6069,987.8376,-187.20146,1202.1947,1273.0831,-1705.0674,1191.5858,858.294,-417.05902,1074.4994,906.6381,-1361.0868,1140.256,853.46216,-485.5731,1070.7777,804.75995,-1434.8784,1082.4838,855.50433,-467.7984,1010.864,800.51666,-1437.7748,1105.9897,867.34814,-431.92828,1018.35046,840.14325,-1355.09,1296.8586,1835.6151,567.29285,1196.8324,1958.3523,-567.6898,1805.0321,1396.1692,398.3792,1800.4103,1539.2438,-948.9197,2204.5464,1958.5552,544.629,2241.5752,2034.2496,-516.13257,2199.2,2106.9263,546.9737,2245.871,2170.578,-466.18005,2494.2166,1972.007,396.5638,2541.083,1984.0103,-603.7869
2023_03_11_17_45_IMG_4677.JPG,newsitup_up,1296.3121,950.64343,-205.43457,1294.8213,874.24615,-119.11783,1312.0348,868.3736,-118.67966,1329.6238,861.874,-119.50039,1241.6567,886.095,-184.93652,1217.4902,887.50745,-184.62415,1193.363,889.76776,-185.02928,1316.1608,861.14954,494.58234,1133.0559,897.41455,203.4996,1316.6489,983.32025,29.17016,1244.6216,998.84076,-52.93187,1381.0901,996.77716,999.39246,965.34155,1076.5753,400.5171,1705.6083,801.26685,1227.4381,974.15015,1057.1444,554.4655,1421.1035,736.6314,1738.1925,1010.2755,817.48566,1427.9839,1357.4575,725.70294,1729.2893,1022.4788,751.8759,1457.2086,1321.235,758.50934,1871.1666,1019.0896,753.59515,1483.14,1335.6948,789.759,1782.018,1031.5981,793.29205,1448.5444,1386.0172,1685.8689,271.46683,1148.1545,1777.879,-269.48898,1740.7257,1541.9059,-1308.911,1464.7767,1667.4491,-2019.8396,2005.1124,2110.104,-1225.5642,1820.9998,2251.4211,-2067.999,1974.3578,2201.7034,-1227.6158,1825.3179,2325.198,-2078.9688,2281.1763,2323.1772,-1748.9148,2105.0547,2463.208,-2618.071
2023_03_11_17_45_IMG_4678.JPG,newsitup_up,1459.6519,907.14105,-1030.969,1461.0933,826.8785,-936.075,1479.1367,820.54486,-935.46643,1497.1747,813.8271,-935.92523,1405.9291,840.5562,-992.8559,1380.9551,842.27356,-992.7227,1356.0947,844.8137,-992.64014,1492.9806,813.78925,-251.25508,1302.0094,854.2338,-485.4483,1486.2216,944.6716,-764.32745,1414.1176,960.104,-829.26154,1588.2322,946.0573,294.31564,1127.6776,1030.3027,-351.14084,1942.3246,809.949,405.70135,1098.6112,997.99335,-1605.6361,1652.4777,756.9818,620.92737,1172.541,738.31256,-2518.4812,1582.3462,732.85333,569.8654,1174.0267,666.1038,-2703.3638,1538.9525,760.2325,708.2384,1204.5516,663.9115,-2617.1982,1556.4803,795.80035,660.7346,1224.5503,714.10986,-2510.4949,1557.75,1630.8044,196.8675,1302.7236,1709.3048,-195.08662,1906.4993,1519.3673,-1621.6725,1487.9451,1683.9915,-2442.1135,2001.437,2183.0923,-1229.1575,1787.1758,2323.5872,-2198.0137,1941.0077,2284.884,-1223.5416,1804.271,2388.344,-2196.4656,2214.5542,2396.7825,-1977.449,2021.4807,2562.1384,-2881.156
31bomtuogj0.jpg,newsitup_up,313.01526,155.67679,42.751637,316.42596,149.02144,32.25669,317.99713,148.17128,32.214535,319.63382,147.34935,32.147964,314.65887,149.97476,48.720024,315.20352,149.93825,48.742046,315.64282,150.03842,48.61878,330.1661,147.861,8.132867,324.21774,149.79688,86.75586,320.4009,160.17847,32.774937,318.62653,161.6883,54.754948,352.209,182.72345,-14.612955,331.5906,178.56146,117.51744,357.7922,151.99733,-65.00581,329.21768,158.33797,247.62315,360.6354,145.83842,40.34516,354.80145,149.2557,329.82336,364.1384,142.28137,58.002514,360.2152,147.33118,329.8903,365.18573,148.95273,60.13778,362.30957,153.56291,329.64978,363.54358,150.81029,43.189358,360.26126,153.43463,328.9614,284.05457,270.15176,-59.87419,276.3822,264.5891,59.83649,181.34102,231.64883,-55.536865,188.56395,230.16226,24.5604,108.9433,271.07166,-61.68106,116.15492,268.9794,13.317239,111.56584,282.2061,-58.56352,116.53928,280.26807,9.624525,64.921455,273.041,-73.07897,70.584206,271.25244,-22.743984
9478-fyrhcqz1804640.jpg,newsitup_up,525.0981,350.16006,12.3857155,525.0274,338.45685,25.838556,523.6359,337.44763,25.805061,522.2589,336.34906,25.543911,525.7346,339.22195,-5.6056585,524.7518,338.3283,-5.5521827,523.7693,337.5503,-5.628871,512.56683,331.9329,77.54059,512.9934,333.14212,-65.879074,517.5351,353.9871,32.585796,518.32684,354.4068,-7.9090476,479.3722,364.64307,156.01941,491.22165,358.41165,-145.88957,533.5418,338.03427,337.02496,547.263,338.10776,-150.59528,490.04437,313.99164,524.497,491.98264,322.04672,53.369137,481.91687,312.71622,547.6287,480.42838,318.45517,74.06483,467.87143,316.77,564.56067,473.13046,324.47696,55.709618,471.24725,318.85672,533.4188,475.2096,328.94238,55.067905,492.3599,504.4243,114.928795,497.55365,507.8463,-115.12431,588.31665,414.18268,87.18602,601.0017,412.67752,-151.1927,661.4064,505.4846,74.71417,671.2415,505.36926,-68.80394,660.5911,528.3187,74.18239,670.5758,528.63916,-54.19452,709.3114,502.58704,59.48322,712.1476,494.472,-34.088795
微信图片_20230311211533.png,newsitup_up,322.50977,139.98811,0.9170118,332.48264,136.25519,-10.1358,334.73553,137.16183,-10.127963,337.02194,138.10928,-10.125193,328.9645,134.97691,11.0413475,328.41336,134.73245,11.019872,327.8577,134.57338,10.960973,344.73874,146.68484,-29.638147,332.6683,141.62952,66.67526,324.64734,150.53667,-5.7921743,319.72247,148.20572,22.312859,326.7791,180.68324,-81.857254,319.0876,185.80356,122.137436,256.73163,170.60864,-44.524887,258.43628,182.29318,111.64633,281.24548,156.50272,97.16392,278.98856,166.26736,29.703205,286.79367,149.00792,96.52079,281.0501,159.2476,21.083496,292.27,155.15245,89.89557,290.9389,162.67378,26.357481,290.6032,159.57928,98.327835,290.73627,167.07074,28.349712,251.72949,263.27457,-73.259705,252.73724,257.90604,73.24841,171.03636,203.20517,-83.71458,181.78487,202.88577,67.44574,112.66015,262.27646,-48.383564,124.80906,251.32945,96.014305,113.6951,281.6276,-40.72775,123.1303,266.21442,97.80306,73.40157,254.59334,-38.285873,87.31366,250.00104,92.571846
微信图片_20230311211710.png,newsitup_up,243.3295,232.14491,59.315,243.35385,216.85683,86.90175,248.05858,216.3482,86.987946,252.71503,215.65436,86.922386,228.0525,218.26636,65.26243,221.31992,218.49644,65.12153,214.63887,218.79811,64.95887,246.79868,220.6195,238.91417,196.54994,225.68991,150.22787,248.1137,245.77385,113.69144,228.39557,247.39876,87.77898,273.32562,268.9558,322.81842,149.82768,301.1799,128.9586,365.29398,274.33423,257.4738,200.29427,371.64258,-62.30057,294.41574,201.3976,183.44142,190.88727,267.4619,-152.42892,277.76926,180.18295,139.0568,188.33263,234.98195,-174.13841,267.201,178.91273,174.62045,177.8855,228.69466,-171.14021,269.7619,193.51945,188.98009,186.89291,241.53534,-152.92906,312.55576,436.77878,91.27251,255.57439,467.778,-90.7444,428.98434,347.76602,-55.217945,381.96237,352.08755,-232.88611,514.71173,508.69275,-128.57484,483.4937,547.9534,-302.8231,505.68396,533.3719,-138.3691,476.8559,576.5601,-306.34555,584.7129,571.2538,-216.35925,575.5553,607.3943,-350.02643
微信图片_20230311211947.png,newsitup_up,331.9597,126.28661,103.56219,330.95242,109.41359,133.45491,335.33615,109.14371,133.412,339.78583,108.59478,133.25584,316.02426,109.92971,114.55062,309.24658,109.640076,114.52299,302.54306,109.5809,114.475075,331.74954,111.22436,291.54016,282.63806,113.105644,203.34161,334.8911,139.61002,159.31784,316.10013,140.5015,133.13759,364.30716,162.12254,356.32764,225.91362,175.10545,212.54984,470.88043,104.13095,340.1197,159.4325,134.6795,151.34193,356.22498,83.78604,456.12775,236.49348,86.265335,419.36493,327.90366,75.20822,440.63705,249.65968,70.45592,434.3631,320.1477,85.821495,505.53537,258.5209,81.37732,468.33994,326.9153,98.6885,477.47992,256.86694,92.85218,435.40564,386.01065,356.2224,88.48009,306.58737,381.66183,-87.40132,509.87283,279.74548,-30.066298,395.91507,265.98438,-324.9251,612.1429,389.38226,-238.16782,529.7548,425.92563,-431.02887,611.097,418.67728,-261.9018,537.34235,459.61166,-442.8909,690.0143,407.1887,-350.07635,610.8881,452.068,-537.66534
微信图片_202303112253571.png,newsitup_up,137.93918,113.48135,57.81617,139.8167,104.773346,68.29715,140.7904,104.83424,68.29045,141.82127,104.80499,68.14528,134.32962,103.45627,49.05353,131.06119,102.19815,49.082886,127.801994,101.02367,48.934242,131.44661,104.77276,114.4045,112.60611,100.31614,27.602846,131.8001,121.38253,73.86595,124.54624,119.04059,48.886887,117.451614,142.70602,128.64427,71.16125,137.27026,-4.0347786,129.90392,144.99297,227.28815,101.07269,121.48341,-14.09809,108.223946,123.294655,287.1044,93.15532,92.79406,71.23008,103.699295,120.19473,287.0605,90.171616,86.43098,83.12451,99.95795,118.828285,293.26355,86.184784,85.56695,78.211555,98.926216,120.87775,288.23593,89.232895,88.57802,73.11221,178.5487,272.3963,57.948494,156.46117,283.69757,-57.508972,280.08414,173.94102,25.039825,258.19095,179.94815,-80.83013,313.92285,284.08704,0.41158065,329.24097,291.4392,-71.22098,305.79144,303.28723,-2.1596057,322.10617,315.74646,-65.24237,347.13992,304.59164,-26.018759,388.1693,301.7773,-64.47013
微信图片_2023031122535710.png,newsitup_up,319.746,95.54937,59.11201,328.82715,80.555275,51.177395,333.38046,80.09575,51.078773,337.9535,79.651985,50.962513,319.97195,80.396385,67.16594,317.73926,79.54539,67.03496,315.48392,78.83137,66.828125,353.27374,81.73468,52.434193,322.78094,80.030136,128.8618,332.2239,106.79972,59.37448,320.46722,106.13897,81.45682,373.01572,146.70534,-5.0296493,326.0164,138.7899,175.9864,273.31064,170.50507,46.084793,251.6131,169.8119,136.6152,325.7568,77.59411,155.07495,302.79434,88.59487,30.593369,330.35056,53.119007,146.49158,311.6069,67.07014,0.5104171,347.79675,54.285328,121.371475,324.72675,64.58185,24.635992,346.05957,63.82236,146.47737,326.33514,75.08024,33.4992,292.38455,325.87186,-77.39185,275.2256,309.1911,77.6082,148.18968,192.34946,-114.11393,158.36447,191.7106,7.072032,33.940937,320.04868,-75.343834,28.043186,319.69376,-14.98699,35.861126,349.35873,-64.75969,25.12701,350.2985,-19.18855,-45.61303,334.41382,-69.11365,-57.343716,336.67215,-49.859596
微信图片_2023031122535711.png,newsitup_up,191.13472,192.16019,2.5955067,188.4699,181.17986,15.176533,188.37271,181.14311,15.148177,188.32985,181.042,14.932098,184.366,180.14703,-13.240973,181.25691,178.93002,-13.296043,178.1671,177.7966,-13.57601,176.54678,181.25131,94.921684,162.95186,177.23923,-39.546032,185.2946,200.26355,30.052385,179.85414,198.31651,-7.5903196,173.95697,225.82504,148.36101,129.61502,224.60562,-76.950966,246.55704,195.43683,335.2899,187.52917,173.43892,-103.42255,164.11058,166.89496,436.52423,146.55849,155.74731,78.83102,145.362,160.56111,436.44556,140.23698,148.17973,117.50415,134.61568,170.65811,468.82416,133.71582,158.79361,98.42628,139.5095,175.24683,451.3527,137.95164,164.71649,78.3207,243.18918,383.47708,104.10981,228.70229,396.85272,-103.98005,381.39606,266.17584,104.39759,357.60153,258.03384,-113.16975,432.56964,386.36246,31.48281,438.6277,397.2458,-74.40855,419.2898,406.0993,25.030626,427.55527,424.95444,-65.30777,477.91083,415.96912,-23.407793,497.3295,421.67584,-65.42985
微信图片_2023031122535714.png,newsitup_up,163.45984,33.97167,12.799873,170.40033,30.298304,4.387619,172.02553,30.594164,4.379723,173.6742,30.897558,4.370747,168.05211,30.23557,15.697467,167.76003,30.287199,15.616114,167.46065,30.3787,15.537489,180.66876,36.776253,-12.620387,172.48033,35.791885,39.73278,166.21404,41.95249,6.687842,162.95816,41.368828,21.922121,179.50179,77.847496,-30.205906,158.87968,66.74788,64.822975,129.46681,99.80762,-0.058644,122.64355,92.50695,54.073868,133.7552,61.990818,52.319576,133.43509,62.49789,-10.596141,131.05457,52.192722,48.883392,135.27306,53.779808,-20.783152,138.86554,50.474483,42.802616,139.10223,49.481483,-12.98243,139.58064,53.881294,51.732475,140.87227,54.71927,-10.718899,130.66434,143.20923,-32.575512,124.10075,129.76076,32.717827,69.828705,87.764755,-54.574696,70.71816,87.7411,28.096292,26.363647,142.93964,-27.772182,23.455364,136.49205,9.65123,27.416601,156.72586,-22.568941,22.483316,147.9343,7.938682,-6.811512,140.15007,-19.118818,-5.905059,139.97412,1.503473
微信图片_2023031122535715.png,newsitup_up,172.9503,98.95075,-11.413076,174.52821,92.53369,5.3240514,175.99649,93.189255,5.3449616,177.5874,93.78443,5.19057,168.58157,90.07831,-10.18747,165.5362,88.74536,-10.187154,162.4653,87.47334,-10.292503,167.8063,94.7599,72.75417,149.02193,86.72031,3.548955,168.05869,106.23459,12.150909,160.47128,102.87407,-7.9824615,159.24278,132.2601,76.781746,112.66623,120.067764,-11.916766,169.98293,195.91014,44.114803,123.40127,131.10603,9.210143,186.07823,237.8868,-56.297375,122.0933,94.11087,108.60254,193.60684,250.30649,-71.42009,122.339325,82.10922,109.52893,191.63725,250.36394,-80.85895,118.45448,81.01557,110.39789,185.53851,247.55887,-65.30359,119.42053,86.10021,109.82599,186.7253,240.44121,47.70785,163.45483,254.6375,-47.2238,266.05548,149.29073,23.94576,244.94186,170.12167,-79.34672,286.7025,251.69142,35.50883,281.34296,265.10803,-19.566845,278.89236,270.02896,37.75293,273.03714,280.9603,-10.385814,323.34982,269.2429,23.238262,328.17957,280.22116,-22.546434
微信图片_2023031122535716.png,newsitup_up,112.09951,61.689808,-15.243079,106.24001,54.780506,-12.468191,106.54373,54.87458,-12.4444685,106.93563,54.87524,-12.532203,102.78674,54.997498,-28.966866,100.11433,55.149757,-29.008497,97.473564,55.348732,-29.128664,96.77721,61.215366,25.568169,84.69105,62.615147,-46.118813,109.73417,71.67031,0.4237165,104.60156,71.872955,-20.262058,95.55386,100.15038,53.076008,66.90224,112.05939,-48.36609,98.744316,72.33372,120.611404,86.06288,103.194885,-82.75482,78.57302,63.45211,151.61082,73.52858,76.40678,-28.936783,73.51091,63.66564,148.78548,68.2971,68.2991,-21.048225,70.31507,65.7787,154.31125,63.93334,69.82341,-20.231615,71.19868,66.64143,152.70862,67.25116,73.76694,-25.754406,162.9588,212.29977,41.6383,151.20328,231.01971,-41.658703,240.97404,130.24754,9.376489,245.30147,146.25496,-70.184105,321.8968,198.82103,23.221163,320.22574,208.56258,-11.804484,324.19763,216.04977,24.959291,319.05927,224.78526,-2.0043893,363.16415,196.42755,3.713225,366.88333,202.15479,-5.218344
微信图片_202303112253572.png,newsitup_up,185.95432,142.50296,75.442505,182.1426,131.03252,85.81222,181.40546,131.2574,85.88083,180.70016,131.43097,85.74733,180.28952,128.753,58.40103,178.08072,126.99032,58.391205,175.93036,125.33638,58.24666,167.7663,131.51247,134.17276,160.96078,123.65398,9.2890415,178.90569,150.65378,92.79049,175.78476,147.67061,57.282707,152.82477,181.45467,169.74387,130.35254,162.87115,-45.67633,190.43477,152.77766,295.77444,178.80371,126.647644,-62.69823,134.60657,111.45173,381.74857,133.0316,97.10156,77.82966,120.34623,105.4548,384.38345,123.25029,87.84214,95.54186,112.31822,108.27874,404.46802,115.223976,93.015656,82.77244,115.89966,110.72076,390.1573,117.65256,99.36986,77.09688,179.13075,348.80035,93.905304,168.26793,346.7308,-93.518776,282.12024,231.18234,92.769394,253.87193,210.21239,-103.044106,318.5067,358.44916,-2.8024557,344.16455,356.51685,-90.55221,308.82034,378.2466,-11.895537,337.64676,385.64725,-84.21595,355.44397,382.72815,-51.694294,408.99362,371.75174,-96.49933
微信图片_202303112253573.png,newsitup_up,236.2702,156.5226,62.38927,239.55258,144.54198,70.42885,240.0508,143.86646,70.43948,240.65596,143.13835,70.18165,234.76703,142.5092,45.13318,232.00867,140.13132,45.163326,229.2855,137.84369,45.062088,230.51244,133.22101,118.06602,215.14618,126.196846,3.614213,227.86324,158.6166,79.65084,222.6318,155.52051,46.886925,206.63402,156.71838,148.33405,174.17592,143.217,-30.455395,251.6491,178.1279,181.13606,219.63245,163.36282,-21.194792,223.70192,109.92593,155.30725,214.54004,106.93758,132.7224,214.07483,98.32753,139.10835,213.52689,95.366295,147.23999,202.55023,90.5823,158.45276,205.94234,88.59895,142.87962,204.56706,95.468544,159.53375,206.46756,93.40491,134.34143,182.07341,311.58643,74.409966,160.36426,313.2194,-74.07025,283.35138,175.8613,52.1691,272.9428,177.07936,-102.77744,315.75397,317.6984,9.317262,334.6436,332.01355,-105.20809,306.55734,342.23416,3.9867067,322.101,361.34958,-100.16382,348.84338,354.1734,-38.997135,399.74905,362.99307,-131.6636
微信图片_202303112253574.png,newsitup_up,171.8561,138.6554,34.44379,165.4865,125.5939,38.672123,165.46388,125.4548,38.643353,165.50412,125.20452,38.402634,160.93082,126.025795,14.67142,157.1849,125.770775,14.693225,153.51953,125.60268,14.530452,153.0297,128.80937,101.9995,136.26479,130.3752,-15.081132,167.5775,150.23692,58.196823,161.09544,149.79694,24.8735,157.60448,175.83435,147.40193,116.81203,191.67223,-41.667217,209.87926,121.133255,310.87985,148.79266,112.68931,-71.95761,132.71382,128.25003,371.0509,112.4888,97.21918,86.769966,114.50687,130.43791,366.6691,105.21412,89.49747,116.735214,108.55357,141.56273,393.9547,101.65022,97.85521,105.56982,113.86331,144.23111,383.12006,107.603386,103.15281,88.04936,286.54648,303.69644,80.45518,275.89496,323.70554,-79.85694,377.80212,153.6776,68.498375,354.03644,165.9123,-93.18783,448.7853,294.25278,13.412182,443.4914,309.77298,-72.91387,438.83286,323.06863,8.934626,435.1858,343.1137,-65.19949,497.60016,317.96478,-18.15963,505.1575,327.38895,-48.11393
微信图片_202303112253575.png,newsitup_up,102.68412,46.39729,5.832571,106.55419,39.704334,-7.842253,107.64165,39.366184,-7.862722,108.73725,39.01606,-7.870167,106.76831,40.19506,10.078351,107.86664,40.234375,10.009725,109.05039,40.363827,9.93687,120.8177,40.933895,-45.188828,120.526474,42.77454,35.839806,109.92405,52.69215,-6.9266624,109.66987,53.423325,16.332304,142.56767,80.0869,-65.29907,143.68446,73.53468,63.580433,153.6074,90.54945,-62.54728,158.35716,96.83796,116.414024,152.98747,76.125,-28.352966,160.3177,96.74096,168.77701,152.96068,70.088394,-40.487297,160.7795,97.76791,178.28494,154.07211,68.24119,-35.563557,160.24905,97.28878,169.0608,155.26686,70.96938,-27.433283,159.87799,97.85682,165.76398,150.8054,179.32529,-47.04167,146.94997,163.88794,47.136395,86.42594,116.34904,-88.78676,80.153885,105.961586,9.690876,35.603447,167.98715,-33.51675,26.348848,156.4069,17.013695,37.432056,179.86746,-26.955853,24.76249,169.29005,17.035292,-1.5598304,164.19162,-29.7257,-9.626051,156.00523,16.04954
微信图片_202303112253576.png,newsitup_up,128.84265,94.67348,-6.723974,121.634384,85.83783,-2.7825475,122.0559,85.33189,-2.7545424,122.537926,84.68194,-2.8002741,117.57659,87.561646,-22.056227,114.462036,88.330734,-22.10679,111.40426,89.18984,-22.28667,113.91393,89.66563,38.757736,98.88303,96.29095,-47.321198,128.33705,102.99212,11.143994,122.4528,105.17549,-14.013721,120.439255,126.45723,84.40599,86.335884,143.50017,-60.599075,100.83747,86.85239,174.08614,53.803818,92.65467,-95.85571,77.05477,97.195206,197.77904,65.0009,97.71161,22.55095,69.61235,101.099976,193.72559,61.646812,98.73608,34.593876,68.40518,102.58521,201.04776,66.24351,106.2166,44.13302,69.77764,101.47056,197.61551,67.89456,106.69989,29.037708,224.56616,223.19717,52.76248,211.00702,246.44896,-52.667995,345.87766,227.13913,28.558886,349.71127,225.24883,-56.997368,448.78717,246.86526,55.024323,454.51965,256.14136,-21.66033,457.0979,257.57535,55.067368,459.0103,269.54785,-17.04859,492.76877,232.60745,1.3071386,506.8466,241.12064,-56.4118
微信图片_202303112253577.png,newsitup_up,299.83627,84.3396,46.933304,305.87924,69.4006,29.99825,309.49225,68.573555,30.017155,313.13797,67.80294,29.889067,300.243,70.16625,53.756264,299.318,69.72522,53.631104,298.45944,69.42225,53.39042,328.95193,69.07952,-5.3029933,308.97906,71.349976,102.64484,311.8381,94.653,33.966206,304.27194,95.098335,65.53132,352.19568,130.69453,-70.03531,325.67148,114.52301,130.77435,251.41464,171.03474,-15.302969,251.04362,147.29674,58.14568,296.9047,54.400234,101.15087,291.52768,69.33369,-68.25548,299.14548,25.665586,91.50836,299.51343,51.615826,-88.56755,321.95728,28.469744,67.237946,311.64044,46.369003,-66.50454,321.8956,38.66512,94.86554,312.087,55.654808,-64.96051,295.66714,305.45535,-79.65604,286.74628,286.01157,80.12292,158.5003,196.89322,-100.18693,184.12897,173.1577,55.37652,39.446945,299.1362,-27.78013,104.53462,286.20676,120.25459,37.61547,325.49005,-14.106995,107.20449,310.29654,124.198296,-36.026722,306.92703,-29.725203,38.158424,312.30167,103.7871
微信图片_202303112253578.png,newsitup_up,173.44756,62.548195,-75.22302,176.96432,52.62311,-64.87878,180.3713,52.673744,-64.80102,183.87546,52.663147,-64.775276,167.21587,51.820942,-71.84555,163.19064,51.229973,-71.87894,159.19897,50.69129,-71.97447,184.25606,54.88907,14.493397,151.19333,52.733948,-15.634028,177.88148,70.39872,-46.72145,164.37192,69.61012,-55.56828,192.57074,88.35647,58.06733,127.48598,86.63499,9.120213,242.38904,84.353134,-10.980567,81.40081,99.83937,-43.29068,212.03236,50.565006,-96.77467,123.93289,61.698277,-43.40354,205.75584,45.14951,-116.69959,134.21208,52.877323,-45.312065,198.72444,45.304123,-99.01951,138.2072,50.54726,-32.27428,199.0182,51.18452,-93.40695,136.53227,57.45672,-38.29333,203.88586,192.11511,42.21325,176.01816,202.40936,-41.971874,272.85516,108.917404,17.199606,253.47635,120.45794,-73.62773,319.75082,196.63322,5.2985277,314.07962,205.27692,-50.46901,314.27637,213.99959,3.648369,311.4748,222.88336,-45.18631,358.73984,214.81921,-28.556154,360.35712,214.85059,-74.912125
